CAPITAL FEDERAL,AGRONOMIA,1208,RAWSON,AV. SAN MARTIN 4951,-,
CAPITAL FEDERAL,AGRONOMIA,3936,SOCIAL FENIX IV,AV. TRIUNVIRATO 3749,-,
CAPITAL FEDERAL,ALMAGRO,2,BROCCA,TTE.GRAL.J.D.PERON 4101,-,
CAPITAL FEDERAL,ALMAGRO,3005,GRAN FARMACIA GALLO,AV. CORDOBA 3199,-,
CAPITAL FEDERAL,BALVANERA,1391,SOCIAL ONCE,AV. CORRIENTES 1999,-,
CAPITAL FEDERAL,BALVANERA,10698,SALUS,AV. CORRIENTES 1880,+,4371-7740
CAPITAL FEDERAL,BARRACAS,223,MANCINI,AV. MONTES DE OCA 1229,-,
CAPITAL FEDERAL,BARRACAS,1093,REP. DE BARRACAS,AV. MONTES DE OCA 1800,-,
CAPITAL FEDERAL,BELGRANO,45,DANESA,AV. CABILDO 2171,-,
CAPITAL FEDERAL,BELGRANO,145,BARRANCAS CENTER,JURAMENTO 1687,-,
CAPITAL FEDERAL,BELGRANO,1141,FARMAPLUS BELGRANO,JURAMENTO 2741,-,
CAPITAL FEDERAL,BELGRANO,5527,TKL GALESA,AV. CABILDO 1631,-,
CAPITAL FEDERAL,BOCA,159,RP.ALMIRANTE BROWN,AV. BROWN 900,-,
CAPITAL FEDERAL,BOEDO,1399,NUEVA SOPER,AV. BOEDO 780,-,
CAPITAL FEDERAL,BOEDO,1406,SUIZA SAN JUAN,AV. BOEDO 937,-,
CAPITAL FEDERAL,BOEDO,8556,SOCIAL PARMA,AV. SAN JUAN 3162,-,
CAPITAL FEDERAL,CABALLITO,207,DANGES,AV. DIRECTORIO 280,-,
CAPITAL FEDERAL,CABALLITO,288,OPENFARMA CONTEMPO,AV. RIVADAVIA 5444,-,
CAPITAL FEDERAL,CABALLITO,1163,TKL NUEVA GONZALEZ,AV. RIVADAVIA 5415,-,
CAPITAL FEDERAL,CABALLITO,1309,FARMAPLUS CABALL.II,AV. JOSE MARIA MORENO 99,-,
CAPITAL FEDERAL,CABALLITO,5350,AZUL 18,AV. RIVADAVIA 5014,+,4901-9070/2319/2281
CAPITAL FEDERAL,CENTRO,1169,RP.SCANNAPIECO,ESMERALDA 599,-,
CAPITAL FEDERAL,CENTRO,1431,RP.WENT,AV. CORRIENTES 901,-,
CAPITAL FEDERAL,CHACARITA,4867,FARADAY LACROZE,ESTACION LACROZE F.C.GRAL URQ.,-,
CAPITAL FEDERAL,COGHLAN,5124,NAON,AV. DR ROMULO S. NAON 2357,-,
CAPITAL FEDERAL,COLEGIALES,1189,NUEVA LACROZE,AV. FEDERICO LACROZE 2599,-,
CAPITAL FEDERAL,COLEGIALES,4055,ZEUS,AV. CABILDO 810,-,
CAPITAL FEDERAL,COLEGIALES,8369,LAMAITE,CONDE 815/17,-,
CAPITAL FEDERAL,CONGRESO,33,AZUL 1,AV. ENTRE RIOS 299,-,
CAPITAL FEDERAL,CONGRESO,1886,TKL ETCHEVERRY,AV. CALLAO 299,-,
CAPITAL FEDERAL,CONSTITUCION,8371,OLIVERA,CASEROS 962,+,4307-7028/4300-6194
CAPITAL FEDERAL,FLORES,4062,VITAL,AV. RIVADAVIA 6799,-,
CAPITAL FEDERAL,FLORES,4546,AZUL 20,AV.RIVADAVIA 6854,-,
CAPITAL FEDERAL,FLORES,7842,SIGLO XXI,AV. GAONA 2570,-,
CAPITAL FEDERAL,FLORES,9420,NUEVA LA PLACITA,AV. DIRECTORIO 2601,-,
CAPITAL FEDERAL,FLORESTA,9823,ETNICA,AV. AVELLANEDA 3724,-,
CAPITAL FEDERAL,LINIERS,9898,TKL GRAN LINIERS,AV. RIVADAVIA 11552,-,
CAPITAL FEDERAL,MATADEROS,973,GES,AV. EMILIO CASTRO 7649,-,
CAPITAL FEDERAL,MONSERRAT,11340,NOMESA,PRES.LUIS SAENZ PE#A 480,+,4383-7161
CAPITAL FEDERAL,NU#EZ,354,OBRAS,AV. DEL LIBERTADOR 7446,-,
CAPITAL FEDERAL,NU#EZ,1198,AZUL 16,AV. CABILDO 3834,+,4704-7627/4702-9497
CAPITAL FEDERAL,NUEVA POMPEYA,1059,MARINA,AV. LA PLATA 2501,-,
CAPITAL FEDERAL,NUEVA POMPEYA,8120,FARMAPLUS POMPEYA,AV. SAENZ 885,-,
CAPITAL FEDERAL,PALERMO,200,JARDIN,AV. SANTA FE 3350,-,
CAPITAL FEDERAL,PALERMO,1162,FATIMA,CNEL. DIAZ 2179,-,
CAPITAL FEDERAL,PALERMO,8621,FARMAPLUS PALERMO,SAN MARTIN DE TOURS 2976,-,
CAPITAL FEDERAL,PALERMO,9871,MALVINAS-GURRUCHAGA,AV. CORDOBA 4899,-,
CAPITAL FEDERAL,PALERMO,10092,FARMAPLUS IMPRENTA,MAURE 1732 (LAS CA#ITAS),-,
CAPITAL FEDERAL,PALERMO,11080,GUEMES 3787,GUEMES 3787,+,4823-6980
CAPITAL FEDERAL,PATERNAL,5617,LA CENTRAL,AV. SAN MARTIN 2802,-,
CAPITAL FEDERAL,PQE. AVELLANEDA,12,NVA.SOC.DEL TRABAJO,AV. EVA PERON 4894,-,
CAPITAL FEDERAL,PQE. AVELLANEDA,8953,DIRECTORIO 4701,DIRECTORIO 4701,+,4682-3920/21
CAPITAL FEDERAL,PQE. CENTENARIO,347,DURAND,AV. DIAZ VELEZ 5101,-,
CAPITAL FEDERAL,PQE. PATRICIOS,178,GRAN FERRARI,AV. CASEROS 2000,-,
CAPITAL FEDERAL,RECOLETA,356,TKL TEKIEL,AV. SANTA FE 2399,-,
CAPITAL FEDERAL,RECOLETA,1166,CALLAO,AV. CALLAO 2002,-,
CAPITAL FEDERAL,RECOLETA,1352,TKL SAN AGUSTIN,AV. LAS HERAS 2699,-,
CAPITAL FEDERAL,RECOLETA,4034,FRANCO ALEMANA,AV. PUEYRREDON 1598,-,
CAPITAL FEDERAL,RECOLETA,7436,FARMAPLUS CLINICAS,AV. CORDOBA 2501,-,
CAPITAL FEDERAL,RECOLETA,7757,ARTESANAL,AV. SANTA FE 2249,-,
CAPITAL FEDERAL,RECOLETA,8131,AZUL 11,AV. PUEYRREDON 1428,-,
CAPITAL FEDERAL,RECOLETA,8505,CALLAO 1621,AV. CALLAO 1621,-,
CAPITAL FEDERAL,RETIRO,29,NUEVA SAN NICOLAS,AV. SANTA FE 1299,-,
CAPITAL FEDERAL,RETIRO,4065,ARENALES,ARENALES 1302,-,
CAPITAL FEDERAL,RETIRO,9800,AZUL 15,RECONQUISTA 1015,mod alt,
CAPITAL FEDERAL,SAAVEDRA,1266,NORIMAR,BESARES 4099,-,
CAPITAL FEDERAL,SAN CRISTOBAL,9903,LEPA,JUAN DE GARAY 2565,+,4308-4006/5368-2553
CAPITAL FEDERAL,SAN NICOLAS,1127,RP.PORTE#A,AV. CORRIENTES 1499,-,
CAPITAL FEDERAL,SAN NICOLAS,1152,NUEVA CORDOBA,AV. CORDOBA 876,-,
CAPITAL FEDERAL,SAN NICOLAS,10094,FARMAPLUS TRIBUNALES,URUGUAY 479,-,
CAPITAL FEDERAL,SAN TELMO,7548,NUEVA RICAMON,AV. JUAN DE GARAY 401,-,
CAPITAL FEDERAL,TRIBUNALES,154,TKL AMERICA,AV. CORDOBA 1402,-,
CAPITAL FEDERAL,V. DEL PARQUE,372,MAFEI,AV. ALVAREZ JONTE 3202,-,
CAPITAL FEDERAL,V. DEL PARQUE,373,DANERI,CAMPANA 2502,-,
CAPITAL FEDERAL,V. PUEYRREDON,1407,NVA.SOCIAL FENIX III,ARTIGAS 4901,-,
CAPITAL FEDERAL,V. SANTA RITA,22,COSMOPOLITA,AV. GAONA 3501,-,
CAPITAL FEDERAL,VELEZ SARSFIELD,48,MS RIVADAVIA,AV. RIVADAVIA 8777,-,
CAPITAL FEDERAL,VILLA CRESPO,9817,CA.DE.FA.,AV. SCALABRINI ORTIZ 14,-,
CAPITAL FEDERAL,VILLA DEVOTO,206,SOCIAL DEVOTO,AV. SAN MARTIN 6473,-,
CAPITAL FEDERAL,VILLA DEVOTO,295,RS CANTILO,AV. LOPE DE VEGA 3249,-,
CAPITAL FEDERAL,VILLA DEVOTO,8118,FARMAPLUS DEVOTO,AV. BEIRO 5402,-,
CAPITAL FEDERAL,VILLA LUGANO,1153,CRUZ,AV. DE LA CRUZ 6255,-,
CAPITAL FEDERAL,VILLA LURO,1048,LURO,AV. LOPE DE VEGA 1397,-,
CAPITAL FEDERAL,VILLA ORTUZAR,8506,RS DAMELI,VIRREY AVILES 3371,+,4551-0313
CAPITAL FEDERAL,VILLA ORTUZAR,10789,FOREST,AV. FOREST 1446,+,4552-8448
CAPITAL FEDERAL,VILLA REAL,1194,BEIRO,AV. FCO. BEIRO 5530,-,
CAPITAL FEDERAL,VILLA SOLDATI,149,FARMASERV,AV. FCO.F. DE LA CRUZ 4602,-,
CAPITAL FEDERAL,VILLA URQUIZA,9734,URQUIZA,BAUNESS 2600,-,
GRAN BUENOS AIRES (NORTE),ACASSUSO,1232,ZONA VITAL ACASSUSO,AV. SANTA FE 902,-,
GRAN BUENOS AIRES (NORTE),BECCAR,10245,FARMAPLUS LOMAS II,AV. SUCRE 2116,-,
GRAN BUENOS AIRES (NORTE),BOULOGNE,2073,SAMBAN,BERNARDO DE IRIGOYEN 601,-,
GRAN BUENOS AIRES (NORTE),CARAPACHAY,138,DUTKIEWICZ,INDEPENDENCIA 2980,-,
GRAN BUENOS AIRES (NORTE),CASEROS,2261,GIGLIOTTI,AV. SAN MARTIN 2643,-,
GRAN BUENOS AIRES (NORTE),DEL VISO,486,GUTKIND,INDEPENDENCIA 7032,-,
GRAN BUENOS AIRES (NORTE),DON TORCUATO,112,CASTELLI,AV. A.T. DE ALVEAR 2767,-,
GRAN BUENOS AIRES (NORTE),DON TORCUATO,2186,ZONA VITAL TORCUATO,AV. A.T. DE ALVEAR 1999,-,
GRAN BUENOS AIRES (NORTE),EL PALOMAR,1547,FERMAN,AV. LIBERTAD 2394,-,
GRAN BUENOS AIRES (NORTE),FLORIDA (E),8009,IRIS,HIPOLITO YRIGOYEN 1756,-,
GRAN BUENOS AIRES (NORTE),FLORIDA (O),86,MITRE,AV. MITRE 620,-,
GRAN BUENOS AIRES (NORTE),GARIN,474,LOPEZ,PTE PERON 905,-,
GRAN BUENOS AIRES (NORTE),GENERAL PACHECO,2141,GASPARIN,HIPOLITO YRIGOYEN 786,-,
GRAN BUENOS AIRES (NORTE),GRAND BOURG,239,LAGUZZI,FRANCISCO SEGUI 1455,-,
GRAN BUENOS AIRES (NORTE),HURLINGHAM,85,NAVARRO,JULIO ARGENTINO ROCA 2001,-,
GRAN BUENOS AIRES (NORTE),HURLINGHAM,1151,ABAURREA,JAURETCHE 1361,-,
GRAN BUENOS AIRES (NORTE),ING. MASCHWITZ,8073,SPINELLA,MOCORETA 338,-,
GRAN BUENOS AIRES (NORTE),J.LEON SUAREZ,1916,ZAKROISKI,25 DE MAYO 102,-,
GRAN BUENOS AIRES (NORTE),JOSE C. PAZ,439,PAZOS,PTE. PERON 4708,-,
GRAN BUENOS AIRES (NORTE),L.DE SAN ISIDRO,9601,FARMAPLUS LOMAS I,DIEGO CARMAN 539,+,4765-6089/8695
GRAN BUENOS AIRES (NORTE),LA HORQUETA,4181,ALESEL,BLANCO ENCALADA 2486,-,
GRAN BUENOS AIRES (NORTE),LA LUCILA,43,BORGES,ROMA 800,-,
GRAN BUENOS AIRES (NORTE),LA LUCILA,1856,SELMA LA LUCILA,RAWSON 3785,-,
GRAN BUENOS AIRES (NORTE),MARTINEZ,192,ZONA VITAL MARTINEZ,AV. SANTA FE 2013,-,
GRAN BUENOS AIRES (NORTE),MARTINEZ,2243,EL FENIX,AV. FLEMING 2135,-,
GRAN BUENOS AIRES (NORTE),MARTINEZ,4235,ZONA VITAL UNICEN.II,PARANA 3745(UNICENTER),+,4836-0932
GRAN BUENOS AIRES (NORTE),MUNRO,2260,CENTRAL MUNRO,VELEZ SARSFIELD 4164,-,
GRAN BUENOS AIRES (NORTE),MUNRO,2279,TKL LA PERLA,VELEZ SARSFIELD 4653,-,
GRAN BUENOS AIRES (NORTE),MUNRO,2370,TARICA,AV. VELEZ SARSFIELD 4875,-,
GRAN BUENOS AIRES (NORTE),OLIVOS,40,LA SUIZO,AV. MAIPU 2223,-,
GRAN BUENOS AIRES (NORTE),OLIVOS,2298,SELMA,AV. MAIPU 2440,-,
GRAN BUENOS AIRES (NORTE),PILAR,4794,PILARFARMA,SARRATEA 15 (EX-T.DE PILAR),-,
GRAN BUENOS AIRES (NORTE),SAN FERNANDO,1046,ANDREU,CONSTITUCION 1286,-,
GRAN BUENOS AIRES (NORTE),SAN ISIDRO,1111,SELMA,AV. CENTENARIO 300,-,
GRAN BUENOS AIRES (NORTE),SAN ISIDRO,2269,FABRIS,CENTENARIO 448,-,
GRAN BUENOS AIRES (NORTE),SAN ISIDRO,92005,FARMAPLUS LOMAS III,CENTENARIO 888,-,
GRAN BUENOS AIRES (NORTE),SAN MARTIN,2325,NUEVA PASCUAL,BELGRANO 3600,-,
GRAN BUENOS AIRES (NORTE),SAN MARTIN,2371,TERAN,SAN LORENZO 2200,-,
GRAN BUENOS AIRES (NORTE),SAN MARTIN,8185,GOLDIN,CALLE 117 NECOCHEA 2038,+,4755-3048
GRAN BUENOS AIRES (NORTE),SAN MARTIN,9944,PORTOFINO,SAN LORENZO 3773,-,
GRAN BUENOS AIRES (NORTE),SAN MIGUEL,376,C. OESTE SAN MIGUEL,LEANDRO N. ALEM 1696,-,
GRAN BUENOS AIRES (NORTE),SAN MIGUEL,8591,TKL CENTRAL S.MIGUEL,AV. MITRE 1181,-,
GRAN BUENOS AIRES (NORTE),TIGRE,1104,DEL PUEBLO EXPRESS,AV.DEL LIB.GRAL.SAN MARTIN 51,-,
GRAN BUENOS AIRES (NORTE),TIGRE,1981,SARMIENTO,CAZON 1200,-,
GRAN BUENOS AIRES (NORTE),TIGRE,2131,DEL PUEBLO,CAZON 1550,-,
GRAN BUENOS AIRES (NORTE),TORTUGUITAS,8720,WASSERMANN,DIRECTORIO 507,-,
GRAN BUENOS AIRES (NORTE),VICENTE LOPEZ,341,ZONA VITAL VTE.LOPEZ,AV. MAIPU 918,-,
GRAN BUENOS AIRES (NORTE),VICTORIA,2168,PELMAN (GANDUGLIA),AV. JUAN DOMINGO PERON 3302,-,
GRAN BUENOS AIRES (NORTE),VILLA ADELINA,262,SELMA,PARANA 6502,-,
GRAN BUENOS AIRES (NORTE),VILLA BALLESTER,2281,ANTIGUA DEL AGUILA,ALVEAR 251,-,
GRAN BUENOS AIRES (NORTE),VILLA BOSCH,2230,NUEVA CRUCCI,MIGUEL ANGEL 5463,-,
GRAN BUENOS AIRES (NORTE),VILLA DE MAYO,1615,RUJANA,ARQUIMEDES 309,-,
GRAN BUENOS AIRES (NORTE),VILLA MARTELLI,209,BRZEZINSKI,PERU 508,-,
GRAN BUENOS AIRES (NORTE),VILLA TESEI,1009,PRINCIPAL TESEI,AV. GOB. VERGARA 2284,-,
GRAN BUENOS AIRES (OESTE),CASTELAR,1554,FRASCINO,BUENOS AIRES 559,-,
GRAN BUENOS AIRES (OESTE),CASTELAR,1614,ROSSI DE CASTELAR,AV. INOCENCIO ARIAS 2408,-,
GRAN BUENOS AIRES (OESTE),CIUDAD EVITA,1844,CANO,EL PAYADOR 1953 C1 S2 M19,-,
GRAN BUENOS AIRES (OESTE),CIUDADELA,9717,NIRINO,AV.RIVADAVIA 12386,-,
GRAN BUENOS AIRES (OESTE),HAEDO,342,HAEDO,CASEROS 2,-,
GRAN BUENOS AIRES (OESTE),ISIDRO CASANOVA,1212,DEMARIA,CRISTIANIA 1893,-,
GRAN BUENOS AIRES (OESTE),ITUZAINGO,124,SAS,SOLER 79,-,
GRAN BUENOS AIRES (OESTE),LAFERRERE,202,LA PLAZA,AV. LURO 5881,-,
GRAN BUENOS AIRES (OESTE),LAFERRERE,5574,MIGUEZ,AV. LURO 6154,-,
GRAN BUENOS AIRES (OESTE),MERLO,375,NUEVA FUNES,AV. DEL LIBERTADOR 363,-,
GRAN BUENOS AIRES (OESTE),MORENO,340,A.S.AFINIDAD SOCIAL,JOLY 2597,-,
GRAN BUENOS AIRES (OESTE),MORENO,5963,ALTOS DE MORENO,ESPA#A 237,-,
GRAN BUENOS AIRES (OESTE),MORON,76,MODERNA,25 DE MAYO 139,-,
GRAN BUENOS AIRES (OESTE),MORON,265,CENTRAL MORON,AV. RIVADAVIA 18161,-,
GRAN BUENOS AIRES (OESTE),MORON,267,COGLIATI,BELGRANO 294,-,
GRAN BUENOS AIRES (OESTE),PASO DEL REY,74,CIENTIFICA FARMAX,SALVADOR DEL CARRIL 325,-,
GRAN BUENOS AIRES (OESTE),RAFAEL CASTILLO,9923,MERA,POLLEDO 15,-,
GRAN BUENOS AIRES (OESTE),RAMOS MEJIA,46,CENTRAL OESTE PARATI,AV. RIVADAVIA 14002,-,
GRAN BUENOS AIRES (OESTE),RAMOS MEJIA,1978,MORENO 90,MORENO 90,-,
GRAN BUENOS AIRES (OESTE),S.A. DE PADUA,1007,NOGUERA,NOGUERA 23,-,
GRAN BUENOS AIRES (OESTE),S.A. DE PADUA,1563,GUERCIO,LAMBARE 1608,-,
GRAN BUENOS AIRES (OESTE),SAN JUSTO,263,VILELA,DR. ARIETA 3230,-,
GRAN BUENOS AIRES (OESTE),SAN JUSTO,380,ROMANO,PTE. ILLIA 2302,-,
GRAN BUENOS AIRES (OESTE),V. LUZURIAGA,1256,VISCARRO,BERMUDEZ 2571,-,
GRAN BUENOS AIRES (OESTE),V. LUZURIAGA,3575,MAKSYMENKO,BERMUDEZ 2876,-,
GRAN BUENOS AIRES (SUR),ADROGUE,167,NUEVA SEGUI,SEGUI 602 ESQ. AVELLANEDA,+,4214-1932
GRAN BUENOS AIRES (SUR),AVELLANEDA,37,CENTRAL AVELLANEDA,AV. MITRE 401,-,
GRAN BUENOS AIRES (SUR),AVELLANEDA,1973,TORRES,AV. MITRE 1100,-,
GRAN BUENOS AIRES (SUR),AVELLANEDA,9354,CASSISSA,AV. MITRE 1471,-,
GRAN BUENOS AIRES (SUR),BANFIELD,319,BANFIELD PASTEUR,AV.ALSINA 470,-,
GRAN BUENOS AIRES (SUR),BANFIELD,768,SAIBENE,AV. MAIPU 202,-,
GRAN BUENOS AIRES (SUR),BERAZATEGUI,306,BENEDETTO,CALLE 14 NRO.4998,-,
GRAN BUENOS AIRES (SUR),BERAZATEGUI,7596,SOL BERAZATEGUI,MITRE 2372,-,
GRAN BUENOS AIRES (SUR),BERNAL (O),3710,MAGA SHOP BERNAL,AV. SAN MARTIN 756,-,
GRAN BUENOS AIRES (SUR),BERNAL (O),7518,SANAR 1,AV. LOS QUILMES 1,-,
GRAN BUENOS AIRES (SUR),BURZACO,16,PASTEUR,ALSINA 998,-,
GRAN BUENOS AIRES (SUR),CLAYPOLE,409,PEREZ,AV. LIRIO 349,-,
GRAN BUENOS AIRES (SUR),DOCK SUD,771,TRONCOSO,PABLO ANGULO 1306/14,-,
GRAN BUENOS AIRES (SUR),EZEIZA,9602,MOYANO,FRENCH 499 ESQ. TUCUMAN,-,
GRAN BUENOS AIRES (SUR),EZPELETA,2113,TROPEANO,MORENO ESQ.HERNANDEZ,-,
GRAN BUENOS AIRES (SUR),FCIO. VARELA,1965,MANUELA AMARELLE,AV. SAN MARTIN 2944,-,
GRAN BUENOS AIRES (SUR),GERLI,2072,NOBEL,CAMINO GRAL.BELGRANO 601,-,
GRAN BUENOS AIRES (SUR),GLEW,1236,KRUKOWSKI,AV. HIPOLITO YRIGOYEN 20119,-,
GRAN BUENOS AIRES (SUR),J.M. GUTIERREZ,6667,SELLA,CALLE 413 NRO 847,+,(02224)-44076
GRAN BUENOS AIRES (SUR),L.DE ZAMORA (O),2043,INGLESA,LAPRIDA 317,-,
GRAN BUENOS AIRES (SUR),LANUS (E),129,REX,ITUZAINGO 1072,-,
GRAN BUENOS AIRES (SUR),LANUS (E),2041,TEXTIL LANUS,O'HIGGINS 2062,-,
GRAN BUENOS AIRES (SUR),LANUS (O),1006,BELTRAN,LLAVALLOL 348,-,
GRAN BUENOS AIRES (SUR),LANUS (O),1124,CENTRAL,EVA PERON 28,-,
GRAN BUENOS AIRES (SUR),LONGCHAMPS,483,DUGONE,ALSINA 838,-,
GRAN BUENOS AIRES (SUR),LUIS GUILLON,766,BOULEVARD BS. AS.,BOULEVARD BS. AS. 905,-,
GRAN BUENOS AIRES (SUR),MONTE GRANDE,2070,FRANCO,GENERAL RODRIGUEZ 129,-,
GRAN BUENOS AIRES (SUR),MONTE GRANDE,3040,NUEVA ALEM,LEANDRO N.ALEM 801,-,
GRAN BUENOS AIRES (SUR),PI#EIRO,8373,BARBOSA,SANTA FE 2081,+,4208-6720
GRAN BUENOS AIRES (SUR),QUILMES (E),1926,CARLOS SEPP,PRIMERA JUNTA 203,-,
GRAN BUENOS AIRES (SUR),QUILMES (E),4991,DORADO,H. YRIGOYEN 614,-,
GRAN BUENOS AIRES (SUR),QUILMES (O),1927,QUILMES OESTE,12 DE OCTUBRE 440,-,
GRAN BUENOS AIRES (SUR),QUILMES (O),1948,MAGA SHOP,AV. ANDRES BARANDA 200,-,
GRAN BUENOS AIRES (SUR),QUILMES (O),4654,MAGA SHOP MEGA SOL Q,JOAQUIN V.GONZALEZ 2001,mod alt,
GRAN BUENOS AIRES (SUR),QUILMES (O),10492,DI ILIO,AZCUENAGA 2002 ESQ. AMOEDO,+,4224-6190
GRAN BUENOS AIRES (SUR),R. DE ESCALADA,1066,REMEDIOS S.C.S.,RAMON FRANCO 3399,-,
GRAN BUENOS AIRES (SUR),S. F. SOLANO,9333,SESSAREGO,AV. 844 NRO 1339,-,
GRAN BUENOS AIRES (SUR),SARANDI,8728,SENSAUD,SAN LORENZO 300,-,
GRAN BUENOS AIRES (SUR),TEMPERLEY,2625,BARRA,AV. MEEKS 1021,-,
GRAN BUENOS AIRES (SUR),TURDERA,2137,QUEIMALI#OS,SANTO TOME 173,+,4231-7920
GRAN BUENOS AIRES (SUR),TURDERA,9786,AVENIDA,AV.ANTARTIDA ARGENTINA 127,-,
GRAN BUENOS AIRES (SUR),VALENTIN ALSINA,487,UOM SAN JUAN,AV. PTE. PERON 2693,-,
GRAN BUENOS AIRES (SUR),VALENTIN ALSINA,11160,FARMAVIDA LANUS,CNEL.FCO.D'ELIA 2794,+,4228-3472/4208-4983
GRAN BUENOS AIRES (SUR),VILLA DOMINICO,258,DOMINICO,AV. MITRE 4701,-,
GRAN BUENOS AIRES (SUR),VILLA DOMINICO,261,MAGA SHOP BELGRANO,BELGRANO 4600,-,
GRAN BUENOS AIRES (SUR),WILDE,733,MAGA SHOP ARGENTINA,FABIAN ONSARI 199,-,
GRAN BUENOS AIRES (SUR),WILDE,5955,FERRERI,FABIAN ONZARI 1598,-,
GRAN BUENOS AIRES (SUR),WILDE,8244,LABORDE,SALVADOR SOREDA 6161,-,
PROV. DE BUENOS AIRES,BERISSO,8036,BRIZUELA,CALLE 4 NRO 3567,Estan viendo como solucionar la falta de estas farmacias en berisso,
PROV. DE BUENOS AIRES,BERISSO,8851,MICHETTI,CALLE 12 NRO.4384,Estan viendo como solucionar la falta de estas farmacias en berisso,
PROV. DE BUENOS AIRES,BERISSO,9894,GENOVA,CALLE 7 NRO.2669,-,
PROV. DE BUENOS AIRES,CITY BELL,1437,AGOSTINI,CAMINO CENTENARIO Y DIAG. 92,-,
PROV. DE BUENOS AIRES,CORTINES,7282,TERREN,MU#IZ 3372,-,
PROV. DE BUENOS AIRES,CORTINES,10045,PEDERNERA,GENERAL MOSCONI 912,-,
PROV. DE BUENOS AIRES,ENSENADA,1467,GATTELLI,LA MERCED 380,Estan viendo como solucionar la falta de estas farmacias en ensenada,
PROV. DE BUENOS AIRES,ESCOBAR,5630,CIUDAD FLORAL,GELVEZ 647,-,
PROV. DE BUENOS AIRES,EXALTACION DE LA CRUZ,10720,CASALE,JOSE HERNANDEZ 845,+,(02323)-470555
PROV. DE BUENOS AIRES,GRAL. RODRIGUEZ,1508,PALMER,AV. 25 DE MAYO 504/6,-,
PROV. DE BUENOS AIRES,JAUREGUI,1801,LUCIANI,TROPERO MOREIRA 680,+,(02323)-494999
PROV. DE BUENOS AIRES,JAUREGUI,2967,FLANDES SCS,AV.FLANDES 636,-,
PROV. DE BUENOS AIRES,LA PLATA,613,MANES,CALLE 49 NRO 636,-,
PROV. DE BUENOS AIRES,LA PLATA,1485,OJEDA,DIAG 80 NRO.1053 (ESQ 49),-,
PROV. DE BUENOS AIRES,LA PLATA,1806,FERRANDO,CALLE 7 ESQ. 33,-,
PROV. DE BUENOS AIRES,LA PLATA,3215,DEL INCA,DIAG. 73 NRO 814 (ESQ. 64),-,
PROV. DE BUENOS AIRES,LA PLATA,5171,PALADINO,CALLE 29 NRO.1099 (ESQ.55),-,
PROV. DE BUENOS AIRES,LA PLATA,5299,RIVADULLA,PZA. AZCUENAGA 188 (19 Y 44),-,
PROV. DE BUENOS AIRES,LA PLATA,5973,WALCZUK,C.GRAL.BELGRANO S/N(CARREFOUR),-,
PROV. DE BUENOS AIRES,LA PLATA,9771,BRUNO,CALLE 5 NRO 1088 (ESQ.55),-,
PROV. DE BUENOS AIRES,LOS HORNOS,5774,PAGANO,AV.60 2448 E/143 Y 144,-,
PROV. DE BUENOS AIRES,LOS HORNOS,8877,CASTRO,CALLE 60 NRO.2573 E/146 Y 147,-,
PROV. DE BUENOS AIRES,LUJAN,1767,DEL BICENTENARIO,SAN MARTIN 1000,+,(02323)-597078
PROV. DE BUENOS AIRES,LUJAN,1770,BOUVIER,COLON 1297 ESQ. ITUZAINGO,-,
PROV. DE BUENOS AIRES,LUJAN,1778,DE GREGORIO,CASEROS 1515,-,
PROV. DE BUENOS AIRES,LUJAN,1786,FALANGA,SAN MARTIN 1468,-,
PROV. DE BUENOS AIRES,LUJAN,1790,GARAVANO,ALSINA 1893,-,
PROV. DE BUENOS AIRES,LUJAN,1798,IDEAL,MITRE 698 ESQ. ALSINA,-,
PROV. DE BUENOS AIRES,LUJAN,1802,LORENZO CASEY,LORENZO CASEY 786,mod alt,
PROV. DE BUENOS AIRES,LUJAN,1807,SEGURA,MARIANO MORENO 1293,-,
PROV. DE BUENOS AIRES,LUJAN,1808,MITRE,MITRE 599,-,
PROV. DE BUENOS AIRES,LUJAN,1811,MONTONE,DR. REAL 1013,-,
PROV. DE BUENOS AIRES,LUJAN,1812,MORENO,RODOLFO MORENO 431,mod alt,
PROV. DE BUENOS AIRES,LUJAN,1813,WOLTER,LAS HERAS 779,-,
PROV. DE BUENOS AIRES,LUJAN,1814,NEGRI,MITRE 171,-,
PROV. DE BUENOS AIRES,LUJAN,1818,DI GESU,AV. ESPA#A 1279,mod alt,
PROV. DE BUENOS AIRES,LUJAN,1822,ROBIANO,HUMBERTO I 701 ESQ.ALTE.BROWN,-,
PROV. DE BUENOS AIRES,LUJAN,1823,COMPAGNUCCI,SAN MARTIN 1698,-,
PROV. DE BUENOS AIRES,LUJAN,1824,ROLLA,SAN MARTIN 482,-,
PROV. DE BUENOS AIRES,LUJAN,1831,SAN MARTIN,SAN MARTIN 238,-,
PROV. DE BUENOS AIRES,LUJAN,2615,COL.FARM.DE LUJAN,ALSINA 832,-,
PROV. DE BUENOS AIRES,LUJAN,2961,ARMANDO,25 DE MAYO 574,-,
PROV. DE BUENOS AIRES,LUJAN,2964,CAVA,J. HERNANDEZ 751,-,
PROV. DE BUENOS AIRES,LUJAN,2965,DAGNINO,TROP. MOREIRA 1190,+,(02323)-494694
PROV. DE BUENOS AIRES,LUJAN,2966,DE LA TERMINAL,9 DE JULIO 660,-,
PROV. DE BUENOS AIRES,LUJAN,2968,GALENO,SAN MARTIN 701,-,
PROV. DE BUENOS AIRES,LUJAN,2970,JORGE,LIBERTAD 1344,-,
PROV. DE BUENOS AIRES,LUJAN,2971,ZEMAN,RAWSON 782,-,
PROV. DE BUENOS AIRES,LUJAN,2972,ROVETTA,ALMIRANTE BROWN 402,-,
PROV. DE BUENOS AIRES,LUJAN,2975,OYHAGARAY,COLON 1704,-,
PROV. DE BUENOS AIRES,LUJAN,2976,PERETTO,25 DE MAYO 220,-,
PROV. DE BUENOS AIRES,LUJAN,2977,PISARRA,GUEMES 1202,-,
PROV. DE BUENOS AIRES,LUJAN,2978,RONCORONI,DR. MU#IZ 355,-,
PROV. DE BUENOS AIRES,LUJAN,2979,SALVATTO,C. PELLEGRINI 753,-,
PROV. DE BUENOS AIRES,LUJAN,3680,GUARCO,AV.ESPA#A 904,mod alt,
PROV. DE BUENOS AIRES,LUJAN,4388,ZONA VITAL LUJAN,NEGRITO MANUEL 758 ESQ.C.PELLE,-,
PROV. DE BUENOS AIRES,LUJAN,5020,HERRNEDER,SAN MARTIN 1802,+,(02323)-421321/440090
PROV. DE BUENOS AIRES,LUJAN,5061,MU#IZ,SARMIENTO 1405,-,
PROV. DE BUENOS AIRES,LUJAN,5065,VITULLO,25 DE MAYO 11,-,
PROV. DE BUENOS AIRES,LUJAN,6382,OLALLA,SAN MARTIN 660,-,
PROV. DE BUENOS AIRES,LUJAN,8015,BIANCONI,F. C. OESTE 1209,-,
PROV. DE BUENOS AIRES,LUJAN,9777,COSENTINO,CONSTITUCION 2204,-,
PROV. DE BUENOS AIRES,LUJAN,9880,NATALINI,MITRE 1195,-,
PROV. DE BUENOS AIRES,LUJAN,9913,ROSSO,RODOLFO MORENO 698,-,
PROV. DE BUENOS AIRES,MANUEL GONNET,3420,BLANCO,LACROZE 2069,-,
PROV. DE BUENOS AIRES,MARCOS PAZ,7636,MARCOS PAZ,SAN MARTIN 462,-,
PROV. DE BUENOS AIRES,MARCOS PAZ,7673,FARMANOVA,SALTA 60,-,
PROV. DE BUENOS AIRES,MARCOS PAZ,7817,ISHIKAWA,RAMON MELGAR 2087,-,
PROV. DE BUENOS AIRES,MARCOS PAZ,8573,HIGA,SAN MARTIN 69,mod alt,
PROV. DE BUENOS AIRES,MARCOS PAZ,8575,MORISIGUE,INDEPENDENCIA Y LIBERTAD,-,
PROV. DE BUENOS AIRES,MARCOS PAZ,8996,GOYANES,DR. MARCOS PAZ 1601,-,
PROV. DE BUENOS AIRES,MARCOS PAZ,9975,AGUER,SARMIENTO 3074,-,
PROV. DE BUENOS AIRES,MARCOS PAZ,91655,GARITONANDIA,JOSE C. PAZ 274,+,(0220)-4774737
PROV. DE BUENOS AIRES,OPEN DOOR,518,DEL PUEBLO,AV. CABRED 589,-,
PROV. DE BUENOS AIRES,OPEN DOOR,1821,REY,BUENOS AIRES 254,-,
PROV. DE BUENOS AIRES,PDA.ROBLES,8324,MARCHETTI,RUTA 192 Y LOS CEDROS,-,
PROV. DE BUENOS AIRES,TORRES,5039,MIRANDA,J.M.CRIADO 724,-,
PROV. DE BUENOS AIRES,VILLA ELISA,6680,ARANA,CAMINO GRAL. BELGRANO Y ARANA,-,
,,,,,,
Total: 293 Farmacias,,,,,,
